narrativa,statistic,bias,std.error,conf.low,conf.high
Extrema Pobreza,4.280701754385965,0.0044122807017545895,0.19575863929334697,3.8421052631578947,4.614035087719298
Escola,4.175438596491228,0.0010131578947367714,0.22123855431731398,3.7017543859649122,4.56140350877193
Diferenca,0.10526315789473717,0.0015789473684207217,0.12646237851107286,-0.08771929824561386,0.4561403508771926
