narrativa,statistic,bias,std.error,conf.low,conf.high
Extrema Pobreza,4.280701754385965,-0.0023377192982456663,0.1944748625940836,3.8596491228070176,4.631578947368421
Escola,4.175438596491228,7.982456140354088e-4,0.2180473431519843,3.7107511987114092,4.56140350877193
Diferenca,0.10526315789473717,0.0013245614035084508,0.13008218172789207,-0.08771929824561386,0.49122807017543835
