narrativa,statistic,bias,std.error,conf.low,conf.high
Extrema Pobreza,4.280701754385965,-2.9824561403479777e-4,0.1986983248338304,3.8421052631578947,4.631578947368421
Escola,4.175438596491228,-0.0035570175438595086,0.2236675446194248,3.7017543859649122,4.578947368421052
