narrativa,statistic,bias,std.error,conf.low,conf.high
Extrema Pobreza,4.280701754385965,2.9385964912265194e-4,0.19765647789215182,3.824561403508772,4.614035087719298
Escola,4.175438596491228,-0.005013157894736331,0.22267254595234057,3.6666666666666665,4.56140350877193
