narrativa,statistic,bias,std.error,conf.low,conf.high
Extrema Pobreza,4.280701754385965,0.0027938596491230427,0.19554042094855068,3.8421052631578947,4.631578947368421
Escola,4.175438596491228,-3.9912280701681624e-4,0.214099044714297,3.736842105263158,4.578947368421052
Diferenca,0.10526315789473717,0.002127192982455811,0.12906854248931177,-0.07017543859649145,0.47368421052631593
